id,participant_id,completed,created_at
15,jcbLeKPewLjBSndAfi0Ji,true,2024-12-04 10:30:40.8448+00
16,tpW7sHBYfVQ_l9ldXLQz2,false,2024-12-04 11:05:22.581651+00
17,Li13nXWwBj9XPB1E_PbSy,false,2024-12-04 22:07:28.705459+00
18,fz7tPw5irkXYP9hXDDmBO,true,2024-12-08 13:42:59.026892+00
19,beVDdWcdWw8jKnVZfM4h0,false,2024-12-08 13:45:16.685575+00
20,YI-OuZqZqFBUWMqNSw2VT,true,2024-12-08 13:47:28.640802+00
21,kCTX_UBvjidQHN5A0Ykv5,false,2024-12-08 13:59:00.579938+00
22,PDG4e40Ahe-CGidQKvnOC,false,2024-12-08 14:11:57.838082+00
23,v7NcTqhdWudTSD9bNvy8D,false,2024-12-08 14:19:01.078199+00
24,AykX279Wn8kbCJ2m_DDpr,true,2024-12-08 14:21:33.892931+00
25,yICM2IH0_0YNgZMXXtF7C,false,2024-12-08 14:30:17.562775+00
26,5CRWegync7dB7Ojef-piI,true,2024-12-08 14:31:42.714755+00
27,pJHL8FLXSGQTkPeN789mH,false,2024-12-08 14:32:12.327708+00
28,J1Z8A9M4Vbzu2rAQ1ppoM,false,2024-12-08 14:36:19.983422+00
29,hq-9CVWPaxMUc3tGiIBeq,true,2024-12-08 14:50:45.952865+00
30,zWXmPsYQZ2PLc2PPNzqCk,false,2024-12-08 15:09:55.979994+00
31,z0J1X8unbMtHcOLma20j_,false,2024-12-08 15:11:08.982502+00
32,o9mkbuTE9ixpSAAN6q_B2,true,2024-12-08 15:11:34.746998+00
33,f_MNFxIZBDxnOsvV0QB6R,true,2024-12-08 15:17:47.848461+00
34,fPDtu0UC53nn3gvGWfGnb,false,2024-12-08 15:19:40.953167+00
35,aEoobP5q3ksPMfpmUPaQp,false,2024-12-08 15:38:37.687652+00
36,GAB_UbhJRXoqb9uk-ORw4,false,2024-12-08 15:38:56.585106+00
37,xJxOYto_-rJ3UR8uErDbS,false,2024-12-08 15:46:31.47579+00
38,G5aFxDbOy5p7seD7qN8Sp,false,2024-12-08 15:52:48.411927+00
39,fllgkPtHjk8F_I_j7mwPD,true,2024-12-08 15:53:28.148635+00
40,lnSjnYQkRDDR-kYqI2Ffr,true,2024-12-08 16:01:50.019833+00
41,_JjTBVbhFB9GJLVykZS-U,false,2024-12-08 16:01:50.141966+00
42,N8F_rRWVvyGJt6-Jv3LCQ,true,2024-12-08 16:04:06.086837+00
43,wt59HlhJN93LUgkkPZeIH,false,2024-12-08 16:05:07.804067+00
44,A6wX3SkUdgjGzeiI-z3OQ,true,2024-12-08 16:10:25.865715+00
45,UvV1dq24WVHqOLHfQ-pUP,true,2024-12-08 16:14:36.175014+00
46,KBq05WMEt_5oxgrsfCLzo,false,2024-12-08 16:16:22.896701+00
47,ArufzBug_8xHafvXyP_bM,true,2024-12-08 16:31:27.823151+00
48,ipfhQiXZJD6o4RvfKt2N1,false,2024-12-08 16:33:20.245287+00
49,uhpaotB-LCfQTwazO2s-w,false,2024-12-08 16:53:04.567815+00
50,KX1F-ncVmdPmOs81GGiUQ,true,2024-12-08 17:00:37.35463+00
51,4_-VQJ6_K_KQJWVVKxnSq,true,2024-12-08 17:03:44.862896+00
52,R-fBHYxnEANlJAe1-6rm3,false,2024-12-08 17:11:29.267241+00
53,vVluJWs5K0ITULmOg1LD_,true,2024-12-08 17:13:25.552531+00
54,Klj2uyghXiqqb9tabDgo5,false,2024-12-08 17:54:31.105536+00
55,qx6M3dYGFXoZmupBxS4TC,false,2024-12-08 17:57:57.033376+00
56,6zF5XYlMR0EOHkpvgKF3V,true,2024-12-08 18:00:16.749567+00
57,czjKSnSLWaY8WO_ApcS2b,true,2024-12-08 18:20:20.676901+00
58,wBwlAbB4FnT0gHQujQQiq,true,2024-12-08 18:31:54.264104+00
59,tHuvXSKTY1KaGbIBMrvrb,false,2024-12-08 18:34:32.137487+00
60,yv17O9i_sC3mPu35KQJdN,false,2024-12-08 18:46:16.666092+00
61,Yuf6K9KrR-3arcx2y4L9j,true,2024-12-08 18:55:28.752567+00
62,3eH5xqI2b6nkg2-oSZrbi,false,2024-12-08 18:59:15.846202+00
63,UQfA5xu15c6VF4kt_dy2V,true,2024-12-08 19:03:43.10751+00
64,inU0WMUMoxU6Pi0uettf1,true,2024-12-08 19:07:08.379534+00
65,tz7gPWLVSZXboMNmAdjK3,false,2024-12-08 19:15:37.522064+00
66,5WaRYnIBjy2uhhkvhsJjY,true,2024-12-08 19:28:10.084798+00
67,8wk-wXTUThorkXw7F1_WV,false,2024-12-08 19:34:49.328466+00
68,A_mknNpoAx72zchvmXOg1,true,2024-12-08 20:01:09.757025+00
69,101UeyfAX-m8cgp-FWTMI,true,2024-12-08 20:06:31.032452+00
70,4oo5GKrrzv3FF111Q9O27,false,2024-12-08 20:09:03.510202+00
71,Nz6XISJ7hxpNZc7Ejuk_N,true,2024-12-08 20:09:20.204131+00
72,jkS9NYGhr35nqDIe14PRr,true,2024-12-08 20:10:53.933112+00
73,0KQPfWLimhlpu3a1f5M4s,false,2024-12-08 20:11:00.408835+00
74,Vrf8WwdrFklej0cOZdzQU,true,2024-12-08 20:13:37.00846+00
75,72_ALtu1dtPyW2I5ryb_6,true,2024-12-08 20:17:23.95183+00
76,_dooLPp0dMFozq6EdTHYl,false,2024-12-08 20:28:48.36862+00
77,AM9eBZsXmKlBqcQMwf7mB,false,2024-12-08 20:30:29.779559+00
78,WvAmWqwB1rJtkDJ4rF9qt,false,2024-12-08 20:30:42.994112+00
79,rsv0ZtJKgNxmj60qv7hFe,false,2024-12-08 21:14:47.146361+00
80,dMWEoWbVMSm_9qxcrZZCE,true,2024-12-08 21:45:40.189694+00
81,XY9rvd7gZ8FqDNtwdx__D,true,2024-12-08 22:00:45.076132+00
82,5ewejXxfzmq_xUQeLJXn6,true,2024-12-08 22:39:36.904066+00
83,XNzK87EEZCpZbFDchxqnc,true,2024-12-08 22:45:15.609826+00
84,Tp23dQSmGnkhskJbiV95n,false,2024-12-08 22:45:42.054746+00
85,yQTx_iVIKlRke48mmy1Fm,false,2024-12-08 23:11:44.678661+00
86,9sKcrRJeJQI5p-RANXZmC,true,2024-12-08 23:12:45.533951+00
87,HM9nwkD1NDDNgt2Xwv76Q,true,2024-12-08 23:19:06.869191+00
88,FXydMa1GiIWMc5GEOSR5W,true,2024-12-08 23:44:35.036802+00
89,x7Ua_T5PzpQwgV3PFdqVZ,true,2024-12-09 00:30:24.538042+00
90,_WYDYKAMnHTFiojP7xnBa,true,2024-12-09 00:58:49.797299+00
91,pZ-CwK-b_HAmYgJLE2x7z,false,2024-12-09 02:45:02.936159+00
92,yuRyTxIY-b2GJsnR7Q8O3,false,2024-12-09 02:45:19.41183+00
93,7-wp5CNbMoGwGT5DK5WIl,true,2024-12-09 02:45:30.515825+00
94,vOOjeZagUICBtcgjcMh0U,true,2024-12-09 04:55:57.58845+00
95,y3buNNzRpWfSq7j9jWcnZ,true,2024-12-09 06:01:02.677208+00
96,edYh2ZxvF4uLf_srrI6Om,false,2024-12-09 06:07:36.023207+00
97,CwJPEzLiDJwMq-5yyBCSI,true,2024-12-09 12:58:15.181565+00
98,otjUXocJk2CTpPuBU9ktI,false,2024-12-09 14:03:50.611622+00
99,yB9FYrPGgYQP2_gTHBg2V,false,2024-12-09 17:55:07.11697+00
100,78LwnejKJwNrS2LiVJg34,true,2024-12-10 00:50:00.630723+00
101,XE-C9j1nXb8DxbRL5WOgW,false,2024-12-10 09:41:36.891145+00
102,8NjTtDMeRgpIeCYo_GrR6,true,2024-12-10 22:36:38.924103+00
103,-gFU4qcB4dmHPQEeXxLBi,false,2024-12-14 02:32:13.677159+00
104,TAY-U6JgHDL9WWMCq3AFj,true,2024-12-16 08:20:57.05808+00